Sample,Sample_Type,Group,Timepoint,TEWL,Score,Row,Column,Primer1,Primer2,Combo,Barcodes,Barcodes,SampleName,,gDNA_prePCR,DNA_quant_pooling
skin_arrival_abx_1,skin,Abx,Arrival,NA,NA,A,1,N701,S501,N701S501,TAAGGCGA+GCGATCTA,TAAGGCGAGCGATCTA,06_02_Abx_cage1_skin_1,,0.000699668,11.03426453
skin_arrival_abx_2,skin,Abx,Arrival,NA,NA,A,2,N702,S501,N702S501,CGTACTAG+GCGATCTA,CGTACTAGGCGATCTA,06_02_Abx_cage1_skin_2,,0.000699668,16.56721815
skin_arrival_abx_3,skin,Abx,Arrival,NA,NA,A,3,N703,S501,N703S501,AGGCAGAA+GCGATCTA,AGGCAGAAGCGATCTA,06_02_Abx_cage2_skin_1,,0.001399335,16.13100081
skin_arrival_ctrl_1,skin,Ctrl,Arrival,NA,NA,A,4,N704,S501,N704S501,TCCTGAGC+GCGATCTA,TCCTGAGCGCGATCTA,06_02_Ctrl_cage1_skin_1,,0.00093289,15.81457373
skin_arrival_ctrl_2,skin,Ctrl,Arrival,NA,NA,A,5,N705,S501,N705S501,GGACTCCT+GCGATCTA,GGACTCCTGCGATCTA,06_02_Ctrl_cage2_skin_1,,0.001166113,12.1530603
skin_arrival_ctrl_3,skin,Ctrl,Arrival,NA,NA,A,6,N706,S501,N706S501,TAGGCATG+GCGATCTA,TAGGCATGGCGATCTA,06_02_Ctrl_cage2_skin_2,,0.00093289,14.79296628
skin_prechallenge_abx_1,skin,Abx,Prechallenge,NA,NA,A,7,N707,S501,N707S501,CTCTCTAC+GCGATCTA,CTCTCTACGCGATCTA,06_15_Abx_cage1_skin_1,,0.006996677,14.28216255
skin_prechallenge_abx_2,skin,Abx,Prechallenge,NA,NA,A,8,N708,S501,N708S501,CAGAGAGG+GCGATCTA,CAGAGAGGGCGATCTA,06_15_Abx_cage1_skin_2,,0.004198006,6.696953259
skin_prechallenge_abx_3,skin,Abx,Prechallenge,NA,NA,A,9,N709,S501,N709S501,GCTACGCT+GCGATCTA,GCTACGCTGCGATCTA,06_15_Abx_cage1_skin_3,,0.006297009,8.22710424
skin_prechallenge_abx_4,skin,Abx,Prechallenge,NA,NA,A,10,N710,S501,N710S501,CGAGGCTG+GCGATCTA,CGAGGCTGGCGATCTA,06_15_Abx_cage2_skin_1,,0.019823917,20.37112377
skin_prechallenge_abx_5,skin,Abx,Prechallenge,NA,NA,A,11,N711,S501,N711S501,AAGAGGCA+GCGATCTA,AAGAGGCAGCGATCTA,06_15_Abx_cage2_skin_2,,0.016558801,38.51369677
skin_prechallenge_abx_6,skin,Abx,Prechallenge,NA,NA,A,12,N712,S501,N712S501,GTAGAGGA+GCGATCTA,GTAGAGGAGCGATCTA,06_15_Abx_cage2_skin_3,,0.030785377,30.17358286
skin_prechallenge_ctrl_1,skin,Ctrl,Prechallenge,NA,NA,B,1,N701,S502,N701S502,TAAGGCGA+ATAGAGAG,TAAGGCGAATAGAGAG,06_15_Ctrl_cage1_skin_1,,0.000699668,12.27963114
skin_prechallenge_ctrl_2,skin,Ctrl,Prechallenge,NA,NA,B,2,N702,S502,N702S502,CGTACTAG+ATAGAGAG,CGTACTAGATAGAGAG,06_15_Ctrl_cage1_skin_2,,0.00186578,8.850917639
skin_prechallenge_ctrl_3,skin,Ctrl,Prechallenge,NA,NA,B,3,N703,S502,N703S502,AGGCAGAA+ATAGAGAG,AGGCAGAAATAGAGAG,06_15_Ctrl_cage1_skin_3,,0.001632558,13.10234156
skin_prechallenge_ctrl_4,skin,Ctrl,Prechallenge,NA,NA,B,4,N704,S502,N704S502,TCCTGAGC+ATAGAGAG,TCCTGAGCATAGAGAG,06_15_Ctrl_cage2_skin_1,,0.000466445,9.897387216
skin_prechallenge_ctrl_5,skin,Ctrl,Prechallenge,NA,NA,B,5,N705,S502,N705S502,GGACTCCT+ATAGAGAG,GGACTCCTATAGAGAG,06_15_Ctrl_cage2_skin_2,,0.000233223,12.36325829
skin_prechallenge_ctrl_6,skin,Ctrl,Prechallenge,NA,NA,B,6,N706,S502,N706S502,TAGGCATG+ATAGAGAG,TAGGCATGATAGAGAG,06_15_Ctrl_cage2_skin_3,,0.00093289,15.86429798
skin_d4_abx_1,skin,Abx,Endpoint,32.3,4,B,7,N707,S502,N707S502,CTCTCTAC+ATAGAGAG,CTCTCTACATAGAGAG,06_24_skin_m1,,0.533846423,13.32836091
skin_d4_abx_2,skin,Abx,Endpoint,30.6,5,B,8,N708,S502,N708S502,CAGAGAGG+ATAGAGAG,CAGAGAGGATAGAGAG,06_24_skin_m2,,9.157017084,2.847843775
skin_d4_abx_3,skin,Abx,Endpoint,44.2,4,B,9,N709,S502,N709S502,GCTACGCT+ATAGAGAG,GCTACGCTATAGAGAG,06_24_skin_m3,,2.361145123,3.435494078
skin_d4_abx_4,skin,Abx,Endpoint,34.3,6,B,10,N710,S502,N710S502,CGAGGCTG+ATAGAGAG,CGAGGCTGATAGAGAG,06_24_skin_m4,,6.557285289,1.654461622
skin_d4_abx_5,skin,Abx,Endpoint,40.7,2,B,11,N711,S502,N711S502,AAGAGGCA+ATAGAGAG,AAGAGGCAATAGAGAG,06_24_skin_m5,,0.023089033,24.40330892
skin_d4_ctrl_1,skin,Ctrl,Endpoint,31.7,1,B,12,N712,S502,N712S502,GTAGAGGA+ATAGAGAG,GTAGAGGAATAGAGAG,06_24_skin_m6,,0.561599907,25.47238044
skin_d4_ctrl_2,skin,Ctrl,Endpoint,30.6,2,C,1,N701,S503,N701S503,TAAGGCGA+AGAGGATA,TAAGGCGAAGAGGATA,06_24_skin_m7,,1.968864789,67.53458096
skin_d4_ctrl_3,skin,Ctrl,Endpoint,15.8,1,C,2,N702,S503,N702S503,CGTACTAG+AGAGGATA,CGTACTAGAGAGGATA,06_24_skin_m8,,0.190776048,20.38468493
skin_d4_ctrl_4,skin,Ctrl,Endpoint,21.3,1,C,3,N703,S503,N703S503,AGGCAGAA+AGAGGATA,AGGCAGAAAGAGGATA,06_24_skin_m9,,0.277301615,31.56134165
blank_swab_ctrl,blank,blank,blank,NA,NA,C,4,N704,S503,N704S503,TCCTGAGC+AGAGGATA,TCCTGAGCAGAGGATA,06_02_blank_swab,,0.000466445,2.384504114
skin_extraction_control,blank,blank,blank,NA,NA,C,5,N705,S503,N705S503,GGACTCCT+AGAGGATA,GGACTCCTAGAGGATA,skin_extraction_control,,0.000233223,27.82524184
poop_arrival_abx_1,fecal,Abx,Arrival,NA,NA,D,1,N701,S504,N701S504,TAAGGCGA+TCTACTCT,TAAGGCGATCTACTCT,06_02_Abx_cage1_poop_1,,9.962801003,14.86529247
poop_arrival_abx_2,fecal,Abx,Arrival,NA,NA,D,2,N702,S504,N702S504,CGTACTAG+TCTACTCT,CGTACTAGTCTACTCT,06_02_Abx_cage2_poop_1,,9.779721299,12.80625622
poop_arival_ctrl_1,fecal,Ctrl,Arrival,NA,NA,D,3,N703,S504,N703S504,AGGCAGAA+TCTACTCT,AGGCAGAATCTACTCT,06_02_Ctrl_cage1_poop_1,,9.832662818,15.17267878
poop_arival_ctrl_2,fecal,Ctrl,Arrival,NA,NA,D,4,N704,S504,N704S504,TCCTGAGC+TCTACTCT,TCCTGAGCTCTACTCT,06_02_Ctrl_cage2_poop_1,,10.03393388,12.77235331
poop_prechallenge_abx_1,fecal,Abx,Prechallenge,NA,NA,D,5,N705,S504,N705S504,GGACTCCT+TCTACTCT,GGACTCCTTCTACTCT,06_15_Abx_cage1_poop_1,,9.155151303,20.28523642
poop_prechallenge_abx_2,fecal,Abx,Prechallenge,NA,NA,D,6,N706,S504,N706S504,TAGGCATG+TCTACTCT,TAGGCATGTCTACTCT,06_15_Abx_cage2_poop_1,,9.208326045,23.76141398
poop_prechallenge_ctrl_1,fecal,Ctrl,Prechallenge,NA,NA,D,7,N707,S504,N707S504,CTCTCTAC+TCTACTCT,CTCTCTACTCTACTCT,06_15_Ctrl_cage1_poop_1,,8.930557985,25.5876503
poop_prechallenge_ctrl_2,fecal,Ctrl,Prechallenge,NA,NA,D,8,N708,S504,N708S504,CAGAGAGG+TCTACTCT,CAGAGAGGTCTACTCT,06_15_Ctrl_cage2_poop_1,,9.3960702,15.45294277
poop_d4_abx_1,fecal,Abx,Endpoint,32.3,4,D,9,N709,S504,N709S504,GCTACGCT+TCTACTCT,GCTACGCTTCTACTCT,06_24_poop_m1,,9.621829631,8.873519573
poop_d4_abx_2,fecal,Abx,Endpoint,30.6,5,D,10,N710,S504,N710S504,CGAGGCTG+TCTACTCT,CGAGGCTGTCTACTCT,06_24_poop_m2,,4.224593318,25.21923877
poop_d4_abx_3,fecal,Abx,Endpoint,44.2,4,D,11,N711,S504,N711S504,AAGAGGCA+TCTACTCT,AAGAGGCATCTACTCT,06_24_poop_m3,,9.535070841,20.6378266
poop_d4_abx_4,fecal,Abx,Endpoint,34.3,6,D,12,N712,S504,N712S504,GTAGAGGA+TCTACTCT,GTAGAGGATCTACTCT,06_24_poop_m4,,8.884846365,29.34409185
poop_d4_abx_5,fecal,Abx,Endpoint,40.7,2,E,1,N701,S505,N701S505,TAAGGCGA+CTCCTTAC,TAAGGCGACTCCTTAC,06_24_poop_m5,,9.526208384,27.54949824
poop_d4_ctrl_1,fecal,Ctrl,Endpoint,31.7,1,E,2,N702,S505,N702S505,CGTACTAG+CTCCTTAC,CGTACTAGCTCCTTAC,06_24_poop_m6,,9.403300099,5.591718651
poop_d4_ctrl_2,fecal,Ctrl,Endpoint,30.6,2,E,3,N703,S505,N703S505,AGGCAGAA+CTCCTTAC,AGGCAGAACTCCTTAC,06_24_poop_m7,,9.953472101,19.61847934
poop_d4_ctrl_3,fecal,Ctrl,Endpoint,15.8,1,E,4,N704,S505,N704S505,TCCTGAGC+CTCCTTAC,TCCTGAGCCTCCTTAC,06_24_poop_m8,,9.161215089,10.56866468
poop_d4_ctrl_4,fecal,Ctrl,Endpoint,21.3,1,E,5,N705,S505,N705S505,GGACTCCT+CTCCTTAC,GGACTCCTCTCCTTAC,06_24_poop_m9,,9.724913999,6.870988157
poop_d4_abx_2_duplicate,fecal,Abx,Endpoint,30.6,5,E,6,N706,S505,N706S505,TAGGCATG+CTCCTTAC,TAGGCATGCTCCTTAC,06_24_poop_m2_duplicate,,9.866946534,10.36524727