id	new_sample_id	Sample_Type	Group	Timepoint	TEWL	Score	Row	Column	Primer1	Primer2	Combo	Barcodes	SampleName
skin_arrival_abx_1	skin_arrival_abx_1	skin	Abx	Arrival	NA	NA	A	1	N701	S501	N701S501	TAAGGCGAGCGATCTA	06_02_Abx_cage1_skin_1
skin_arrival_abx_2	skin_arrival_abx_2	skin	Abx	Arrival	NA	NA	A	2	N702	S501	N702S501	CGTACTAGGCGATCTA	06_02_Abx_cage1_skin_2
skin_arrival_abx_3	skin_arrival_abx_3	skin	Abx	Arrival	NA	NA	A	3	N703	S501	N703S501	AGGCAGAAGCGATCTA	06_02_Abx_cage2_skin_1
skin_arrival_ctrl_1	skin_arrival_ctrl_1	skin	Ctrl	Arrival	NA	NA	A	4	N704	S501	N704S501	TCCTGAGCGCGATCTA	06_02_Ctrl_cage1_skin_1
skin_arrival_ctrl_2	skin_arrival_ctrl_2	skin	Ctrl	Arrival	NA	NA	A	5	N705	S501	N705S501	GGACTCCTGCGATCTA	06_02_Ctrl_cage2_skin_1
skin_arrival_ctrl_3	skin_arrival_ctrl_3	skin	Ctrl	Arrival	NA	NA	A	6	N706	S501	N706S501	TAGGCATGGCGATCTA	06_02_Ctrl_cage2_skin_2
skin_prechallenge_abx_1	skin_prechallenge_abx_1	skin	Abx	Prechallenge	NA	NA	A	7	N707	S501	N707S501	CTCTCTACGCGATCTA	06_15_Abx_cage1_skin_1
skin_prechallenge_abx_2	skin_prechallenge_abx_2	skin	Abx	Prechallenge	NA	NA	A	8	N708	S501	N708S501	CAGAGAGGGCGATCTA	06_15_Abx_cage1_skin_2
skin_prechallenge_abx_3	skin_prechallenge_abx_3	skin	Abx	Prechallenge	NA	NA	A	9	N709	S501	N709S501	GCTACGCTGCGATCTA	06_15_Abx_cage1_skin_3
skin_prechallenge_abx_4	skin_prechallenge_abx_4	skin	Abx	Prechallenge	NA	NA	A	10	N710	S501	N710S501	CGAGGCTGGCGATCTA	06_15_Abx_cage2_skin_1
skin_prechallenge_abx_5	skin_prechallenge_abx_5	skin	Abx	Prechallenge	NA	NA	A	11	N711	S501	N711S501	AAGAGGCAGCGATCTA	06_15_Abx_cage2_skin_2
skin_prechallenge_abx_6	skin_prechallenge_abx_6	skin	Abx	Prechallenge	NA	NA	A	12	N712	S501	N712S501	GTAGAGGAGCGATCTA	06_15_Abx_cage2_skin_3
skin_prechallenge_ctrl_1	skin_prechallenge_ctrl_1	skin	Ctrl	Prechallenge	NA	NA	B	1	N701	S502	N701S502	TAAGGCGAATAGAGAG	06_15_Ctrl_cage1_skin_1
skin_prechallenge_ctrl_2	skin_prechallenge_ctrl_2	skin	Ctrl	Prechallenge	NA	NA	B	2	N702	S502	N702S502	CGTACTAGATAGAGAG	06_15_Ctrl_cage1_skin_2
skin_prechallenge_ctrl_3	skin_prechallenge_ctrl_3	skin	Ctrl	Prechallenge	NA	NA	B	3	N703	S502	N703S502	AGGCAGAAATAGAGAG	06_15_Ctrl_cage1_skin_3
skin_prechallenge_ctrl_4	skin_prechallenge_ctrl_4	skin	Ctrl	Prechallenge	NA	NA	B	4	N704	S502	N704S502	TCCTGAGCATAGAGAG	06_15_Ctrl_cage2_skin_1
skin_prechallenge_ctrl_5	skin_prechallenge_ctrl_5	skin	Ctrl	Prechallenge	NA	NA	B	5	N705	S502	N705S502	GGACTCCTATAGAGAG	06_15_Ctrl_cage2_skin_2
skin_prechallenge_ctrl_6	skin_prechallenge_ctrl_6	skin	Ctrl	Prechallenge	NA	NA	B	6	N706	S502	N706S502	TAGGCATGATAGAGAG	06_15_Ctrl_cage2_skin_3
skin_d4_abx_1	skin_d4_abx_1	skin	Abx	Endpoint	32.3	4	B	7	N707	S502	N707S502	CTCTCTACATAGAGAG	06_24_skin_m1
skin_d4_abx_2	skin_d4_abx_2	skin	Abx	Endpoint	30.6	5	B	8	N708	S502	N708S502	CAGAGAGGATAGAGAG	06_24_skin_m2
skin_d4_abx_3	skin_d4_abx_3	skin	Abx	Endpoint	44.2	4	B	9	N709	S502	N709S502	GCTACGCTATAGAGAG	06_24_skin_m3
skin_d4_abx_4	skin_d4_abx_4	skin	Abx	Endpoint	34.3	6	B	10	N710	S502	N710S502	CGAGGCTGATAGAGAG	06_24_skin_m4
skin_d4_ctrl_1	skin_d4_abx_5	skin	Abx	Endpoint	40.7	2	B	11	N711	S502	N711S502	AAGAGGCAATAGAGAG	06_24_skin_m5
skin_d4_ctrl_2	skin_d4_ctrl_1	skin	Ctrl	Endpoint	31.7	1	B	12	N712	S502	N712S502	GTAGAGGAATAGAGAG	06_24_skin_m6
skin_d4_ctrl_3	skin_d4_ctrl_2	skin	Ctrl	Endpoint	30.6	2	C	1	N701	S503	N701S503	TAAGGCGAAGAGGATA	06_24_skin_m7
skin_d4_ctrl_4	skin_d4_ctrl_3	skin	Ctrl	Endpoint	15.8	1	C	2	N702	S503	N702S503	CGTACTAGAGAGGATA	06_24_skin_m8
skin_d4_ctrl_5	skin_d4_ctrl_4	skin	Ctrl	Endpoint	21.3	1	C	3	N703	S503	N703S503	AGGCAGAAAGAGGATA	06_24_skin_m9
blank_swab_ctrl	blank_swab_ctrl	blank	blank	blank	NA	NA	C	4	N704	S503	N704S503	TCCTGAGCAGAGGATA	06_02_blank_swab
skin_extraction_control	skin_extraction_control	blank	blank	blank	NA	NA	C	5	N705	S503	N705S503	GGACTCCTAGAGGATA	skin_extraction_control
poop_arrival_abx_1	poop_arrival_abx_1	fecal	Abx	Arrival	NA	NA	D	1	N701	S504	N701S504	TAAGGCGATCTACTCT	06_02_Abx_cage1_poop_1
poop_arrival_abx_2	poop_arrival_abx_2	fecal	Abx	Arrival	NA	NA	D	2	N702	S504	N702S504	CGTACTAGTCTACTCT	06_02_Abx_cage2_poop_1
poop_arival_ctrl_1	poop_arival_ctrl_1	fecal	Ctrl	Arrival	NA	NA	D	3	N703	S504	N703S504	AGGCAGAATCTACTCT	06_02_Ctrl_cage1_poop_1
poop_arival_ctrl_2	poop_arival_ctrl_2	fecal	Ctrl	Arrival	NA	NA	D	4	N704	S504	N704S504	TCCTGAGCTCTACTCT	06_02_Ctrl_cage2_poop_1
poop_prechallenge_abx_1	poop_prechallenge_abx_1	fecal	Abx	Prechallenge	NA	NA	D	5	N705	S504	N705S504	GGACTCCTTCTACTCT	06_15_Abx_cage1_poop_1
poop_prechallenge_abx_2	poop_prechallenge_abx_2	fecal	Abx	Prechallenge	NA	NA	D	6	N706	S504	N706S504	TAGGCATGTCTACTCT	06_15_Abx_cage2_poop_1
poop_prechallenge_ctrl_1	poop_prechallenge_ctrl_1	fecal	Ctrl	Prechallenge	NA	NA	D	7	N707	S504	N707S504	CTCTCTACTCTACTCT	06_15_Ctrl_cage1_poop_1
poop_prechallenge_ctrl_2	poop_prechallenge_ctrl_2	fecal	Ctrl	Prechallenge	NA	NA	D	8	N708	S504	N708S504	CAGAGAGGTCTACTCT	06_15_Ctrl_cage2_poop_1
poop_d4_abx_1	poop_d4_abx_1	fecal	Abx	Endpoint	32.3	4	D	9	N709	S504	N709S504	GCTACGCTTCTACTCT	06_24_poop_m1
poop_d4_abx_2	poop_d4_abx_2	fecal	Abx	Endpoint	30.6	5	D	10	N710	S504	N710S504	CGAGGCTGTCTACTCT	06_24_poop_m2
poop_d4_abx_3	poop_d4_abx_3	fecal	Abx	Endpoint	44.2	4	D	11	N711	S504	N711S504	AAGAGGCATCTACTCT	06_24_poop_m3
poop_d4_abx_4	poop_d4_abx_4	fecal	Abx	Endpoint	34.3	6	D	12	N712	S504	N712S504	GTAGAGGATCTACTCT	06_24_poop_m4
poop_d4_ctrl_1	poop_d4_abx_5	fecal	Abx	Endpoint	40.7	2	E	1	N701	S505	N701S505	TAAGGCGACTCCTTAC	06_24_poop_m5
poop_d4_ctrl_2	poop_d4_ctrl_1	fecal	Ctrl	Endpoint	31.7	1	E	2	N702	S505	N702S505	CGTACTAGCTCCTTAC	06_24_poop_m6
poop_d4_ctrl_3	poop_d4_ctrl_2	fecal	Ctrl	Endpoint	30.6	2	E	3	N703	S505	N703S505	AGGCAGAACTCCTTAC	06_24_poop_m7
poop_d4_ctrl_4	poop_d4_ctrl_3	fecal	Ctrl	Endpoint	15.8	1	E	4	N704	S505	N704S505	TCCTGAGCCTCCTTAC	06_24_poop_m8
poop_d4_ctrl_5	poop_d4_ctrl_4	fecal	Ctrl	Endpoint	21.3	1	E	5	N705	S505	N705S505	GGACTCCTCTCCTTAC	06_24_poop_m9
poop_d4_abx_2_duplicate	poop_d4_abx_2_duplicate	fecal	Abx	Endpoint	30.6	5	E	6	N706	S505	N706S505	TAGGCATGCTCCTTAC	06_24_poop_m2_duplicate